{
    "epoch": [
        1,
        2,
        3,
        4,
        5,
        6,
        7,
        8,
        9,
        10,
        11,
        12,
        13,
        14,
        15,
        16,
        17,
        18,
        19,
        20
    ],
    "train_loss": [
        0.2534082329212712,
        0.22182119108535778,
        0.21813526462177335,
        0.2159592017956145,
        0.21528627171571346,
        0.21360864965350587,
        0.2126090408174473,
        0.2120626222128423,
        0.21146851488269433,
        0.21096041420389552,
        0.2105584697523698,
        0.21047330710837636,
        0.20976798872913247,
        0.20988599001220873,
        0.20944051601047955,
        0.20931780126494198,
        0.209416279722731,
        0.2088221478385415,
        0.20871199828626028,
        0.20826575976361153
    ],
    "train_accuracy": [
        0.904283358874576,
        0.9172216810160971,
        0.9183203644074632,
        0.9188866763950295,
        0.9189284347537087,
        0.9196470980133509,
        0.91992682181327,
        0.9200623934708995,
        0.9202975940893046,
        0.9204697758148171,
        0.920564351823515,
        0.9205307925946222,
        0.9207868723923669,
        0.9207236628220375,
        0.9208646687866184,
        0.920867147593298,
        0.9208641920930262,
        0.9210365644959757,
        0.921092051630111,
        0.9213101866179143
    ],
    "train_f1": [
        0.8922004439267589,
        0.9061108533282092,
        0.9073484501190519,
        0.9080440377308773,
        0.9081268080026146,
        0.9089627238801496,
        0.9092696065102663,
        0.9094474229917162,
        0.9097286455992618,
        0.9099321597036932,
        0.9100606889625363,
        0.910028907892172,
        0.9103315851341627,
        0.9102660465284927,
        0.9104380147383159,
        0.9104544435533236,
        0.9104687461068338,
        0.9106553582934357,
        0.9107222814116567,
        0.9109638389806328
    ],
    "val_loss": [
        0.2242899687726641,
        0.22127673678602244,
        0.21731628244149012,
        0.21661927166966574,
        0.21620787121016255,
        0.21481794292592393,
        0.21311078960235436,
        0.21249916894405482,
        0.21237734142005552,
        0.21271216644072577,
        0.21131738176219886,
        0.21175049188358536,
        0.21109301742091638,
        0.2109989170765399,
        0.20952842233936644,
        0.21124096809189177,
        0.2109947455928191,
        0.20957482417533088,
        0.20976516582709626,
        0.20918433864911398
    ],
    "val_accuracy": [
        0.9170804738334909,
        0.916936321672877,
        0.9193295144875147,
        0.9201953172793504,
        0.9197143651632278,
        0.9198215894555364,
        0.9204791724598187,
        0.9205561425949613,
        0.9207243201156776,
        0.9203630498859907,
        0.9207906123129971,
        0.9205254435237195,
        0.9211772426450142,
        0.9211527723708359,
        0.921295144875146,
        0.9211901451532173,
        0.9210824759468328,
        0.9215055892330793,
        0.9216239363772871,
        0.9215714365163228
    ],
    "val_f1": [
        0.905927840255204,
        0.9055721227962985,
        0.9090181048537025,
        0.9096717694757044,
        0.9089986686569572,
        0.9090918262801405,
        0.9101562048382029,
        0.9099355385406894,
        0.9103863733292562,
        0.9102183923036025,
        0.9106058544320482,
        0.910516241470742,
        0.9109495053476339,
        0.9107647377232845,
        0.9111209921947813,
        0.9108171831551791,
        0.9107665064380706,
        0.9113452332975216,
        0.911334006448619,
        0.9113998361471459
    ],
    "epoch_time": [
        1837.5891518592834,
        1545.1694626808167,
        1612.1891012191772,
        1637.9512441158295,
        1619.5688576698303,
        1641.3751697540283,
        1543.560105085373,
        1511.6407647132874,
        1510.7523005008698,
        1510.8903934955597,
        1510.9924173355103,
        1511.2941977977753,
        1511.5110125541687,
        1511.6258330345154,
        1861.502023935318,
        1630.5604839324951,
        1904.8262164592743,
        1935.011531829834,
        1916.4967670440674,
        1903.1165044307709
    ],
    "training_time": 33169.95013546944
}