{
    "test_accuracy": 0.9217013862626612,
    "test_f1": 0.9114863627859067,
    "test_precision": 0.9540106084821532,
    "test_recall": 0.8725913157362557,
    "training_time": 33169.95013546944
}