{
    "epoch": [
        1,
        2,
        3,
        4,
        5,
        6,
        7,
        8,
        9,
        10,
        11,
        12,
        13,
        14,
        15,
        16,
        17,
        18,
        19,
        20
    ],
    "train_loss": [
        0.25138265006782395,
        0.22151152729080414,
        0.21802899802932046,
        0.21633351210480042,
        0.2154295771953325,
        0.21466365855729752,
        0.21409879228022358,
        0.21377876570265725,
        0.21329248133044557,
        0.21315141433572826,
        0.21291052401996785,
        0.21263021966155177,
        0.2124051060214819,
        0.21231597967442942,
        0.21196590107965638,
        0.21187333899962163,
        0.21166235518637042,
        0.21147224226765035,
        0.21131099240359083,
        0.21115087736681634
    ],
    "train_accuracy": [
        0.9054273281572036,
        0.9176827390584996,
        0.9185671010108002,
        0.9190368348765812,
        0.9192510609769282,
        0.9194334439453145,
        0.9195631046024003,
        0.9196323205119918,
        0.919800974704922,
        0.919799067930553,
        0.9198544597259698,
        0.9199265357971146,
        0.9200302643227833,
        0.9200274994999484,
        0.9201537279631703,
        0.9201595436249954,
        0.9202296175830529,
        0.9203158037845276,
        0.9203624244178474,
        0.9204337377792448
    ],
    "train_f1": [
        0.8937286438728705,
        0.9067470391432408,
        0.9076820830871304,
        0.9082065792980983,
        0.9084579023338685,
        0.9086765965190906,
        0.908834898646013,
        0.9089301931029505,
        0.9091243397289398,
        0.9091354898389723,
        0.9092192797584825,
        0.909305092509704,
        0.9094321059316854,
        0.9094427711672564,
        0.9095784633971358,
        0.9095930434662448,
        0.9096663353264489,
        0.9097671102482006,
        0.9098120645603754,
        0.9099050432033993
    ],
    "val_loss": [
        0.22189691114512514,
        0.21701565129726527,
        0.21520629329759566,
        0.21497607879842784,
        0.21323500234355475,
        0.21362993682994216,
        0.21216316428883697,
        0.21153635918442668,
        0.2115506641906033,
        0.2113087883249658,
        0.21139199966615665,
        0.21091359473751325,
        0.2105185353147962,
        0.21062769191186936,
        0.20996050267923075,
        0.21042033758536932,
        0.2103941431896717,
        0.21010841491661003,
        0.20987322503100328,
        0.20997480165980117
    ],
    "val_accuracy": [
        0.9182990934875702,
        0.9189041766308882,
        0.9191555530838107,
        0.919683666091986,
        0.9197241532728991,
        0.9201419275902342,
        0.9201530504421334,
        0.9203848506757133,
        0.9201877537400589,
        0.9202229019520605,
        0.9204498081308048,
        0.9204907402257939,
        0.9205788332128357,
        0.9206967354429676,
        0.9209040654023691,
        0.9206856125910684,
        0.9206259941048885,
        0.9207839386018575,
        0.9208084088760358,
        0.9207136421778545
    ],
    "val_f1": [
        0.9074045406986272,
        0.9079813633396556,
        0.9084859088606116,
        0.9087301005469995,
        0.9090552594014372,
        0.9094416025452474,
        0.9092033168569795,
        0.9097100600284678,
        0.9093306700173769,
        0.9095114215279337,
        0.9098727676624908,
        0.9099765908004415,
        0.9100741586312617,
        0.9101446002270532,
        0.9104696042448098,
        0.910030629223883,
        0.9101590570888297,
        0.910406994824128,
        0.9102260123802189,
        0.91002905024774
    ],
    "epoch_time": [
        87.31684827804565,
        83.61433577537537,
        84.69874358177185,
        95.89433026313782,
        85.65827941894531,
        89.97977328300476,
        89.79110360145569,
        87.40562272071838,
        90.2340636253357,
        87.5478572845459,
        95.51656293869019,
        81.3199532032013,
        96.61240553855896,
        85.91644406318665,
        88.81694674491882,
        97.06504011154175,
        85.01976990699768,
        84.84004354476929,
        87.71091365814209,
        85.33207440376282
    ],
    "training_time": 1770.3524377346039
}