{
    "test_accuracy": 0.9208306898033748,
    "test_f1": 0.9100905193430463,
    "test_precision": 0.9573628289421232,
    "test_recall": 0.8672669318105216,
    "training_time": 1770.3524377346039
}