{
    "epoch": [
        1
    ],
    "train_loss": [
        0.16422138564489983
    ],
    "train_accuracy": [
        0.9295485373107414
    ],
    "train_f1": [
        0.9422852996637093
    ],
    "val_loss": [
        0.05629711169749498
    ],
    "val_accuracy": [
        0.97539167883573
    ],
    "val_f1": [
        0.9791054813304823
    ],
    "epoch_time": [
        4.081683397293091
    ],
    "training_time": 4.0842626094818115
}