{
    "test_accuracy": 0.975583798433304,
    "test_f1": 0.9792344205529769,
    "test_precision": 0.9757939338003944,
    "test_recall": 0.9826992543146243,
    "training_time": 4.0842626094818115
}