{
    "epoch": [
        1
    ],
    "train_loss": [
        0.5909358217909529
    ],
    "train_accuracy": [
        0.6646349144051986
    ],
    "train_f1": [
        0.767752563233779
    ],
    "val_loss": [
        0.3710779383778572
    ],
    "val_accuracy": [
        0.8341521669182982
    ],
    "val_f1": [
        0.8626395871449144
    ],
    "epoch_time": [
        8.096050262451172
    ],
    "training_time": 8.098442554473877
}