{
    "test_accuracy": 0.8370190701300629,
    "test_f1": 0.8646927075841946,
    "test_precision": 0.8417241724172417,
    "test_recall": 0.888949914446862,
    "training_time": 8.098442554473877
}