{
    "epoch": [
        1
    ],
    "train_loss": [
        0.2121329520602484
    ],
    "train_accuracy": [
        0.9035790573500417
    ],
    "train_f1": [
        0.9217111580978137
    ],
    "val_loss": [
        0.0780223386362195
    ],
    "val_accuracy": [
        0.9677251689230998
    ],
    "val_f1": [
        0.9727025329704836
    ],
    "epoch_time": [
        88.25904321670532
    ],
    "training_time": 88.27069807052612
}