{
    "test_accuracy": 0.9683381390226095,
    "test_f1": 0.9731612267055497,
    "test_precision": 0.9665656028922993,
    "test_recall": 0.9798474830478041,
    "training_time": 88.27069807052612
}