{
    "epoch": [
        1
    ],
    "train_loss": [
        0.3510649226807259
    ],
    "train_accuracy": [
        0.839230806968508
    ],
    "train_f1": [
        0.8757660178547094
    ],
    "val_loss": [
        0.12678650319576262
    ],
    "val_accuracy": [
        0.9462354280622726
    ],
    "val_f1": [
        0.9558227622848717
    ],
    "epoch_time": [
        23.231088399887085
    ],
    "training_time": 23.23882269859314
}