{
    "test_accuracy": 0.9467125372801861,
    "test_f1": 0.956146693688831,
    "test_precision": 0.9231200346102415,
    "test_recall": 0.9916242421681911,
    "training_time": 23.23882269859314
}