{
    "epoch": [
        1,
        2,
        3,
        4,
        5,
        6,
        7,
        8,
        9,
        10,
        11,
        12,
        13,
        14,
        15,
        16,
        17,
        18,
        19,
        20
    ],
    "train_loss": [
        0.35790747220234126,
        0.28864413990331134,
        0.2706527344443192,
        0.2582353668164481,
        0.2471620235788501,
        0.24052680089156267,
        0.23649797680809925,
        0.23367348899835721,
        0.23107084233934924,
        0.22834983429653669,
        0.22711735113739548,
        0.22607355827537656,
        0.2250646465763083,
        0.22442371196599734,
        0.2240412523508165,
        0.22341826089724393,
        0.22275195839534462,
        0.222282186872044,
        0.22191410215279872,
        0.2214407953944629
    ],
    "train_accuracy": [
        0.8592000623896574,
        0.8963770142926086,
        0.9021394771128919,
        0.9058942972001497,
        0.9110174185745374,
        0.9137592647783117,
        0.9151269940331309,
        0.915854809809744,
        0.9164691725114068,
        0.9168827518720234,
        0.9171229101037877,
        0.9173306531712804,
        0.9175854935656852,
        0.9176807369454123,
        0.9176911288657229,
        0.9177762663412947,
        0.9179241366936036,
        0.9180412126398547,
        0.9180978438386114,
        0.9182456188522019
    ],
    "train_f1": [
        0.8415582370214594,
        0.8836619502124743,
        0.8902202597941519,
        0.8942223496754604,
        0.8994645721063256,
        0.902362520208648,
        0.9038484552477423,
        0.9046558526886084,
        0.905330750466351,
        0.90576659047806,
        0.9060348354619749,
        0.9062644855093018,
        0.9065499942001775,
        0.9066562653511655,
        0.9066878511036713,
        0.9068036195429732,
        0.9069806817492996,
        0.9071255906211495,
        0.9071988877672219,
        0.9073716709609813
    ],
    "val_loss": [
        0.30424581867098155,
        0.29839741347700305,
        0.32747025388837514,
        0.3312467394739335,
        0.25970530070242337,
        0.2458169847889676,
        0.23811120516832626,
        0.23232790504756956,
        0.229926279388056,
        0.22739019235409458,
        0.23216939854600174,
        0.226844816178572,
        0.2228736451849043,
        0.2240813857110689,
        0.2237070296197207,
        0.22392874755277442,
        0.2227810597376311,
        0.2222541780473973,
        0.22424503251611644,
        0.2214387600430591
    ],
    "val_accuracy": [
        0.8902512652244036,
        0.88483443634948,
        0.8790621211278572,
        0.8892853567654747,
        0.9122936432901396,
        0.9159339302597186,
        0.917223291251877,
        0.9176757688671375,
        0.9177812135031422,
        0.918215449641288,
        0.9182136699849841,
        0.9182381402591624,
        0.9184258939992214,
        0.9176157054668818,
        0.91807174239475,
        0.9182465936266059,
        0.9185647071909238,
        0.9182853011512152,
        0.9176148156387298,
        0.91870530003893
    ],
    "val_f1": [
        0.8726145634407092,
        0.8634089068184996,
        0.8539224521754738,
        0.8679028539608441,
        0.898901839430493,
        0.9039132117363298,
        0.9057172871657112,
        0.9061421467078686,
        0.9063387116802287,
        0.9068363086052029,
        0.9067658594404988,
        0.9070695322376738,
        0.9073559238789364,
        0.9069589943055603,
        0.9070698833024144,
        0.9070717624610399,
        0.907369320275145,
        0.9072390922699917,
        0.9068572736395486,
        0.9075217530377323
    ],
    "epoch_time": [
        467.0340647697449,
        464.15839171409607,
        461.60948061943054,
        463.66004180908203,
        446.6627516746521,
        469.317006111145,
        464.1985487937927,
        460.28657841682434,
        457.9855556488037,
        472.31680512428284,
        467.9249186515808,
        460.9805600643158,
        467.4543101787567,
        459.59857177734375,
        490.47397446632385,
        478.1684548854828,
        473.5893807411194,
        472.97811937332153,
        479.5335314273834,
        477.78960275650024
    ],
    "training_time": 9356.930846452713
}