{
    "test_accuracy": 0.9189353566830069,
    "test_f1": 0.9077107839338365,
    "test_precision": 0.9574688164850278,
    "test_recall": 0.8628689463902237,
    "training_time": 9356.930846452713
}