{
    "epoch": [
        1,
        2,
        3,
        4,
        5,
        6,
        7,
        8,
        9,
        10,
        11,
        12,
        13,
        14,
        15,
        16,
        17,
        18,
        19,
        20
    ],
    "train_loss": [
        0.25252409617982774,
        0.2287533977728996,
        0.22156323393030775,
        0.21892378864135653,
        0.21722612683310355,
        0.2159071412811704,
        0.2148974294403669,
        0.21414082072317392,
        0.21338665439997834,
        0.21278743537805453,
        0.21229074733627815,
        0.21174646642281644,
        0.21130901358640553,
        0.21094207145049673,
        0.21061931715166135,
        0.21029065468496572,
        0.20997417273348265,
        0.20983581821558206,
        0.20944854899315757,
        0.20917671476663532
    ],
    "train_accuracy": [
        0.9044627863426904,
        0.9146182666315057,
        0.9180075580722434,
        0.9188907759599226,
        0.919319704854209,
        0.9196076277839144,
        0.9198179449968052,
        0.920016916902201,
        0.9201801367881797,
        0.9203142783650325,
        0.92040704293808,
        0.9205258349812631,
        0.9206025826496117,
        0.9207371055813384,
        0.92079097195726,
        0.9208917449826569,
        0.9209483761814136,
        0.9209908972498403,
        0.9210836618228877,
        0.9211439158929453
    ],
    "train_f1": [
        0.8929948774154803,
        0.9035875438778184,
        0.9071282200140645,
        0.9081175165415859,
        0.908610415541507,
        0.9089453672635515,
        0.909184088321188,
        0.9094077949362978,
        0.9095887984898782,
        0.9097347835520206,
        0.909847312202778,
        0.9099973374868251,
        0.9100903196106559,
        0.9102487676480933,
        0.9103177684736705,
        0.9104468977819375,
        0.9105111413448789,
        0.9105640641333104,
        0.9106788164778892,
        0.9107493070005221
    ],
    "val_loss": [
        0.2364064210479594,
        0.2234835712093256,
        0.2204301188443745,
        0.2175972305903235,
        0.21719016997866292,
        0.21528684172799678,
        0.21651858240637406,
        0.2142055615212748,
        0.2132793527863282,
        0.21241974412634942,
        0.21177188221548424,
        0.21173322594339514,
        0.21138295987264707,
        0.2115128256095563,
        0.2105127748081593,
        0.2103734380669064,
        0.2094682884998009,
        0.20930763460247895,
        0.21021728573166826,
        0.20939169731839324
    ],
    "val_accuracy": [
        0.9102243479228074,
        0.9165358990045047,
        0.9182861909793671,
        0.9191034981369223,
        0.9197722039931039,
        0.9197303820699627,
        0.9196476280518325,
        0.9200645125410155,
        0.9203666091985985,
        0.9205405706023024,
        0.9205076469606808,
        0.920460930982704,
        0.9208911628941661,
        0.9203848506757133,
        0.9207229853734498,
        0.9209036204882932,
        0.9211603359101274,
        0.9212577720927646,
        0.9211327512374172,
        0.9210913742283522
    ],
    "val_f1": [
        0.8989226132989232,
        0.9057755400944676,
        0.9069479712791246,
        0.9083997192923062,
        0.9091634485669927,
        0.9092523235682605,
        0.9084343873233224,
        0.9096362969717484,
        0.909742063992335,
        0.909896933534263,
        0.9097666403882273,
        0.909769798769501,
        0.9105860806413411,
        0.9093649697849466,
        0.9100326121367236,
        0.9104189793107896,
        0.9107258730830462,
        0.9109940008217501,
        0.910925656811727,
        0.9104630646321609
    ],
    "epoch_time": [
        100.34315395355225,
        92.67572832107544,
        88.82570481300354,
        86.85818433761597,
        91.74387860298157,
        87.3292760848999,
        93.38785600662231,
        89.56406903266907,
        91.62180495262146,
        96.20213031768799,
        91.87679314613342,
        85.97354125976562,
        88.58134078979492,
        95.58782052993774,
        95.2743923664093,
        85.65011405944824,
        96.60990476608276,
        91.71454787254333,
        86.48843884468079,
        90.93881511688232
    ],
    "training_time": 1827.4299139976501
}