{
    "test_accuracy": 0.9211621506425002,
    "test_f1": 0.9104863495193891,
    "test_precision": 0.9575501469503811,
    "test_recall": 0.8678322082374353,
    "training_time": 1827.4299139976501
}