{
    "epoch": [
        1
    ],
    "train_loss": [
        0.24806330836302526
    ],
    "train_accuracy": [
        0.8864017565795492
    ],
    "train_f1": [
        0.9091252369320129
    ],
    "val_loss": [
        0.10181925091892481
    ],
    "val_accuracy": [
        0.9579857931341732
    ],
    "val_f1": [
        0.965248989201085
    ],
    "epoch_time": [
        84.52830624580383
    ],
    "training_time": 84.55079174041748
}