{
    "test_accuracy": 0.9585184451842044,
    "test_f1": 0.9656035791979641,
    "test_precision": 0.9388781354139645,
    "test_recall": 0.9938950970658442,
    "training_time": 84.55079174041748
}