{
    "epoch": [
        1,
        2,
        3,
        4,
        5,
        6,
        7,
        8,
        9,
        10,
        11,
        12,
        13,
        14,
        15,
        16,
        17,
        18,
        19,
        20
    ],
    "train_loss": [
        0.4032550484395874,
        0.30338068928443,
        0.2791988711392493,
        0.3132555686731629,
        0.26428890382461556,
        0.2502669376793526,
        0.24712211641307363,
        0.24306277490858452,
        0.23804528724397825,
        0.23749184582858102,
        0.2304944589716622,
        0.23080932632618145,
        0.2273228655728173,
        0.224800346850511,
        0.22594419590130954,
        0.2251563617281037,
        0.22506223255910243,
        0.22540886672806432,
        0.22461756072976263,
        0.22349332295116714
    ],
    "train_accuracy": [
        0.8328582604993193,
        0.8853576698759587,
        0.8966203187020816,
        0.8785388540552991,
        0.9037225765326795,
        0.9089688755312988,
        0.9089096701871442,
        0.909169849549782,
        0.9119095983017504,
        0.9121996186832617,
        0.9151248965813251,
        0.9143298670082081,
        0.9159059113628307,
        0.9166943625643751,
        0.9161233789796049,
        0.9163689715183205,
        0.9163902320525339,
        0.9161834423722256,
        0.9165725196822018,
        0.9169663639281002
    ],
    "train_f1": [
        0.8134987494853795,
        0.8721023237569141,
        0.8834243122557881,
        0.8655449520308475,
        0.8914805704479097,
        0.8968434563056867,
        0.896906022896201,
        0.8973390323742333,
        0.9002502130270768,
        0.9008495600717424,
        0.9038060163056327,
        0.9031060533929385,
        0.9047243977117161,
        0.9056433481706092,
        0.9050247932492494,
        0.9052839664856889,
        0.9053227352351785,
        0.9051187800050142,
        0.9055351490416783,
        0.9059176109747178
    ],
    "val_loss": [
        0.35463892610129544,
        0.2724618511664629,
        0.3325244452675401,
        0.2667979487575903,
        0.26036253962360445,
        0.2445629200268747,
        0.24335921497401428,
        0.24024950100858788,
        0.24746484177794395,
        0.22915844597560242,
        0.226541634221546,
        0.236624900217699,
        0.2219669750479401,
        0.2218392098319118,
        0.2221089162353175,
        0.22468851069717893,
        0.22024413948719185,
        0.23259093087227617,
        0.22081335271642508,
        0.2227275330566535
    ],
    "val_accuracy": [
        0.8545460207997331,
        0.9006426783827374,
        0.8684442467048551,
        0.902703965296702,
        0.9045952950336467,
        0.9115319503920806,
        0.9074480840887603,
        0.910302652800178,
        0.9061876425115399,
        0.915611812468717,
        0.9164064290083977,
        0.9081679550636783,
        0.9174889049552305,
        0.9174475279461654,
        0.9174359601801902,
        0.916028252043824,
        0.9179333741171236,
        0.9155726600300317,
        0.918115343974195,
        0.9171058339358211
    ],
    "val_f1": [
        0.8362003918051596,
        0.8873706985681648,
        0.855667888926637,
        0.8913054823668699,
        0.8927408471529311,
        0.8994134563582696,
        0.8956512230088798,
        0.8984673866403979,
        0.8947358173793359,
        0.9044183935872091,
        0.9052104559243528,
        0.8968449355543228,
        0.906601182304315,
        0.906628032373498,
        0.9065104115500623,
        0.9052531283681382,
        0.9071561561425523,
        0.904072984221363,
        0.9071552309491308,
        0.9061184384565965
    ],
    "epoch_time": [
        119.14340209960938,
        132.48232054710388,
        130.65445113182068,
        131.47989463806152,
        130.80899000167847,
        131.68646669387817,
        131.62426257133484,
        130.63847708702087,
        130.34614849090576,
        132.52192330360413,
        131.17360281944275,
        130.71882605552673,
        132.14760732650757,
        134.71615362167358,
        131.68466019630432,
        130.81860780715942,
        133.29897737503052,
        131.62354016304016,
        129.00370049476624,
        129.99598026275635
    ],
    "training_time": 2616.849441766739
}