{
    "test_accuracy": 0.9172798321428921,
    "test_f1": 0.906250598779146,
    "test_precision": 0.9511702294310161,
    "test_recall": 0.8653823560567395,
    "training_time": 2616.849441766739
}