{
    "epoch": [
        1,
        2,
        3,
        4,
        5,
        6,
        7,
        8,
        9,
        10,
        11,
        12,
        13,
        14,
        15,
        16,
        17,
        18,
        19,
        20
    ],
    "train_loss": [
        0.2589702710177646,
        0.22544556632725254,
        0.2207337670938804,
        0.21861334177652683,
        0.21664342588509772,
        0.21572230616638968,
        0.21481456049877606,
        0.2138169196458684,
        0.21325226536559574,
        0.2125970176168365,
        0.21183752787271454,
        0.21125980932956467,
        0.21125450357358375,
        0.21064638891335533,
        0.2102771196187078,
        0.20996347175636873,
        0.20952581301511894,
        0.2091394598911815,
        0.2092741494041921,
        0.20878434856158595
    ],
    "train_accuracy": [
        0.9029442312352904,
        0.9164759415604165,
        0.91747480531357,
        0.9179129820635455,
        0.9185113278605095,
        0.9186392724206635,
        0.9189140386072233,
        0.9192408597340546,
        0.9193316221940147,
        0.9194856895630226,
        0.9197675108147475,
        0.9199511331864736,
        0.9198696185822026,
        0.9201930075151699,
        0.9203247656240615,
        0.9205085786732244,
        0.9207324339841345,
        0.9208532281404049,
        0.9207504530019207,
        0.9209151983073945
    ],
    "train_f1": [
        0.8907903248473171,
        0.9054331746024036,
        0.9065761698863135,
        0.9070910460355793,
        0.9077687524252128,
        0.9079102447918364,
        0.9082585274403333,
        0.9085978112057014,
        0.9087281502835054,
        0.9088998550825632,
        0.9092488620952631,
        0.909465930224935,
        0.9093790247323763,
        0.9097720299102483,
        0.9099009479350003,
        0.9100763313497787,
        0.9103111474426955,
        0.9104653329859068,
        0.9103528395209253,
        0.9105580286912494
    ],
    "val_loss": [
        0.231082047269644,
        0.22329321215930098,
        0.22092421705714124,
        0.21840838789397032,
        0.21916155061109469,
        0.21664544958994472,
        0.21508272174060453,
        0.21401569092534278,
        0.21307009751679468,
        0.21356834416940998,
        0.21557673849911854,
        0.21146731998751073,
        0.21263359557626896,
        0.2130001769528363,
        0.21271375193513373,
        0.21048331570104173,
        0.2118857454623898,
        0.21042920472626261,
        0.21118680834227355,
        0.21225880341560247
    ],
    "val_accuracy": [
        0.915986875034759,
        0.9177220399310383,
        0.9178092430899283,
        0.918718647461209,
        0.9189246426783827,
        0.9191924809521161,
        0.9191017184806184,
        0.9194451921472666,
        0.9198242589399922,
        0.9197343862966465,
        0.9195800011122852,
        0.9202171180690729,
        0.9201201268005117,
        0.9204551470997163,
        0.9208070741338079,
        0.9209943829597909,
        0.921020632890273,
        0.9212266281074467,
        0.9209151882542684,
        0.9208822646126467
    ],
    "val_f1": [
        0.9043466720159181,
        0.9067125780884275,
        0.9066877468758524,
        0.9080781906463056,
        0.9079039735417299,
        0.9084738246476903,
        0.9084663204245116,
        0.9089184070266695,
        0.90943430173623,
        0.9091300140883308,
        0.9091735909279113,
        0.9099925613687082,
        0.9097868731207692,
        0.9101109868148167,
        0.910480729286636,
        0.9107884328153879,
        0.9108670175428025,
        0.9110356620105851,
        0.9105556626241695,
        0.9107113537527923
    ],
    "epoch_time": [
        1743.1020290851593,
        1461.3615069389343,
        1461.1804084777832,
        1461.3581533432007,
        1460.0345888137817,
        1461.6257781982422,
        1465.0182375907898,
        1463.6706252098083,
        1463.583705663681,
        1464.2001688480377,
        1463.9047784805298,
        1461.1478250026703,
        1463.4414837360382,
        1460.6489837169647,
        1463.2304496765137,
        1462.8616127967834,
        1461.6941871643066,
        1462.5549170970917,
        1547.390177488327,
        1545.4293837547302
    ],
    "training_time": 29698.63836145401
}