{
    "test_accuracy": 0.9210335705317522,
    "test_f1": 0.9108140933098636,
    "test_precision": 0.9523427229997614,
    "test_recall": 0.8727559874040619,
    "training_time": 29698.63836145401
}