{
    "epoch": [
        1
    ],
    "train_loss": [
        0.12518586780171137
    ],
    "train_accuracy": [
        0.9481260101857217
    ],
    "train_f1": [
        0.9567749897525248
    ],
    "val_loss": [
        0.07017553681507707
    ],
    "val_accuracy": [
        0.9701445437220009
    ],
    "val_f1": [
        0.974190545983621
    ],
    "epoch_time": [
        7.854159116744995
    ],
    "training_time": 7.861161708831787
}