{
    "test_accuracy": 0.9699592857054463,
    "test_f1": 0.9739782929116977,
    "test_precision": 0.988715627278366,
    "test_recall": 0.9596738418640022,
    "training_time": 7.861161708831787
}